<?xml version="1.0" encoding="UTF-8"?>
<!--
 * Copyright 2024 Roland Gisler, HSLU Informatik, Switzerland
 *
 * Licensed under the Apache License, Version 2.0 (the "License");
 * you may not use this file except in compliance with the License.
 * You may obtain a copy of the License at
 *
 * http://www.apache.org/licenses/LICENSE-2.0
 *
 * Unless required by applicable law or agreed to in writing, software
 * distributed under the License is distributed on an "AS IS" BASIS,
 * WITHOUT WARRANTIES OR CONDITIONS OF ANY KIND, either express or implied.
 * See the License for the specific language governing permissions and
 * limitations under the License.
-->
<document xmlns="http://maven.apache.org/changes/1.0.0" xmlns:xsi="http://www.w3.org/2001/XMLSchema-instance"
          xsi:schemaLocation="http://maven.apache.org/changes/1.0.0 http://maven.apache.org/xsd/changes-1.0.0.xsd">
    <properties>
        <title>Changes</title>
        <author email="roland.gisler@hslu.ch">Roland Gisler</author>
    </properties>
    <body>
        <release version="5.3.0" date="2024-09-03" description="Minor Release für 24HS/2">
            <action dev="zbgisler" type="update">
                Native-Plugin für GraalVM und Profile ergänzt.
            </action>
            <action dev="zbgisler" type="fix">
                Dependencies und Plugins aktualisiert (JUnit, LogBack)
            </action>
        </release>
        <release version="5.2.1" date="2024-09-03" description="Bugfix Release für 24HS/1">
            <action dev="zbgisler" type="fix">
                Site Model auf Version 2.0 erhöht.
            </action>
            <action dev="zbgisler" type="fix">
                Dependencies und Plugins aktualisiert.
            </action>
        </release>
        <release version="5.2.0" date="2024-09-03" description="First Release für 24HS">
            <action dev="zbgisler" type="update">
                Minimale Maven Version neu 3.8.5 erhöht (Plugin-Abhängigkeit).
            </action>
            <action dev="zbgisler" type="fix">
                Dependencies und Plugins aktualisiert.
            </action>
        </release>
        <release version="5.1.0" date="2024-03-16" description="Minor Release für 24FS">
            <action dev="zbgisler" type="update">
                Reintegration von PMD für Version 7 (RC4).
            </action>
            <action dev="zbgisler" type="fix">
                Dependencies und Plugins aktualisiert.
            </action>
        </release>
        <release version="5.0.1" date="2024-02-17" description="Bugfix Release für 24FS">
            <action dev="zbgisler" type="fix">
                Dependencies und Plugins aktualisiert.
            </action>
        </release>
        <release version="5.0.0" date="2024-01-29" description="First (PRE-)Release für 24FS">
            <action dev="zbgisler" type="update">
                Update auf Java 21 (21.0.2).
            </action>
            <action dev="zbgisler" type="remove">
                Update auf PMD 7.0 für JDK 21 (OFFLINE).
            </action>
            <action dev="zbgisler" type="update">
                Minimale Maven Version neu 3.6.3 erhöht (Plugin-Abhängigkeit).
            </action>
            <action dev="zbgisler" type="fix">
                Dependencies und Plugins aktualisiert.
            </action>
        </release>
        <release version="4.1.1" date="2023-11-01" description="Bugfix Release für OOP/AD/VSK/SWDA/DEVOPS im 23HS.">
            <action dev="zbgisler" type="add">
                Update auf Java 17.0.9 und Apache Maven 3.9.5.
            </action>
            <action dev="zbgisler" type="fix">
                Dependencies und Plugins aktualisiert.
            </action>
        </release>
        <release version="4.1.0" date="2023-10-15" description="Minor Release für OOP/AD/VSK/SWDA/DEVOPS im 23HS.">
            <action dev="zbgisler" type="add">
                Scripts für Start eines minimalen Dev-Containers (Docker).
            </action>
            <action dev="zbgisler" type="add">
                Erweiterungen für Deployment auf GitLab (Package und Container).
            </action>
            <action dev="zbgisler" type="add">
                GitLab CI/CD Konfiguration (SAST/DevSecOps) erweitert.
            </action>
            <action dev="zbgisler" type="fix">
                Dependencies und Plugins aktualisiert.
            </action>
        </release>
        <release version="4.0.0" date="2023-09-04" description="Major Release für OOP/AD/VSK/SWDA im 23HS.">
            <action dev="zbgisler" type="update">
                Logging von Log4J auf SLF4J mit LogBack umgestellt.
            </action>
            <action dev="zbgisler" type="add">
                GitLab Pages Deploy in CI.
            </action>
            <action dev="zbgisler" type="fix">
                Migration auf Apache Maven 3.9.4.
            </action>
            <action dev="zbgisler" type="fix">
                Dependencies und Plugins aktualisiert.
            </action>
        </release>
        <release version="3.4.2" date="2023-03-17" description="Release 3 für OOP/AD/VSK/SWDA im 23FS.">
            <action dev="zbgisler" type="fix">
                Dependencies und Plugins aktualisiert.
            </action>
        </release>
        <release version="3.4.1" date="2023-02-16" description="Release 2 für OOP/AD/SWDE/VSK/SWDA im 23FS.">
            <action dev="zbgisler" type="fix">
                Migration auf Apache Maven 3.9.0.
            </action>
            <action dev="zbgisler" type="fix">
                Dependencies und Plugins aktualisiert.
            </action>
        </release>
        <release version="3.4.0" date="2023-02-07" description="Release für OOP/AD/SWDE/VSK/SWDA im 23FS.">
            <action dev="zbgisler" type="add">
                Aktuelles Java 17.0.6
            </action>
            <action dev="zbgisler" type="fix">
                Dependencies und Plugins aktualisiert.
            </action>
        </release>
        <release version="3.3.0" date="2022-10-12" description="2. Release für OOP im 22HS.">
            <action dev="zbgisler" type="add">
                Konfiguration für Fabric8- und jib-Docker-Plugins erweitert.
            </action>
            <action dev="zbgisler" type="fix">
                Docker Image mit Amazon Corretto / Alpine.
            </action>
            <action dev="zbgisler" type="fix">
                Dependencies und Plugins aktualisiert.
            </action>
        </release>
        <release version="3.2.0" date="2022-09-06" description="Release für OOP im 22HS.">
            <action dev="zbgisler" type="add">
                Log Captor mit Beispiel ergänzt (Testfall).
            </action>
            <action dev="zbgisler" type="fix">
                Dependencies und Plugins aktualisiert.
            </action>
            <action dev="zbgisler" type="fix">
                CI mit Java Eclipse Temurin 17 Image.
            </action>
        </release>
        <release version="3.1.1" date="2022-03-15" description="Bugfix für OOP im 22FS.">
            <action dev="zbgisler" type="add">
                Dependencies und Plugins aktualisiert.
            </action>
        </release>
        <release version="3.1.0" date="2022-02-10" description="Release für OOP/AD/SWDE/VSK/APPE im 22FS.">
            <action dev="zbgisler" type="add">
                MutabilityDetector wieder integriert.
            </action>
            <action dev="zbgisler" type="add">
                Dependencies und Plugins aktualisiert.
            </action>
        </release>
        <release version="3.0.0" date="2021-10-14" description="Release für OOP im 21HS.">
            <action dev="zbgisler" type="add">
                Migration auf Java 17.
            </action>
        </release>
        <release version="2.7.1" date="2021-10-14" description="Release für AD/SWDE/VSK im 21HS.">
            <action dev="zbgisler" type="add">
                Dependencies und Plugins aktualisiert.
            </action>
            <action dev="zbgisler" type="add">
                Vorbereitende Migration PMD, Ruleset überarbeitet.
            </action>
            <action dev="zbgisler" type="fix">
                Neues HSLU-Logo integriert.
            </action>
        </release>
        <release version="2.7.0" date="2021-09-16" description="Release für OOP/AD/SWDE/VSK/APPE im 21HS.">
            <action dev="zbgisler" type="add">
                Dependencies und Plugins aktualisiert (JDK 11).
            </action>
        </release>
        <release version="2.6.1" date="2021-02-16" description="Release für OOP/AD/SWDE/VSK/APPE im 21FS.">
            <action dev="zbgisler" type="add">
                Dependencies und Plugins aktualisiert.
            </action>
        </release>
        <release version="2.6.0" date="2021-02-01" description="Release für OOP/AD/SWDE/VSK/APPE im 21FS.">
            <action dev="zbgisler" type="add">
                Dependencies und Plugins aktualisiert.
            </action>
        </release>
        <release version="2.5.0" date="2020-10-08" description="Minor-Release für OOP/AD/PLAB im 20HS.">
            <action dev="zbgisler" type="fix">
                Dependencies und Plugins aktualisiert.
            </action>
            <action dev="zbgisler" type="add">
                MutabilityDetector wieder integriert.
            </action>
        </release>
        <release version="2.4.0" date="2020-09-01" description="Release für OOP/AD/PLAB im 20HS.">
            <action dev="zbgisler" type="add">
                JavaFX-Dependencies ergänzt.
            </action>
            <action dev="zbgisler" type="add">
                Dependencies und Plugins aktualisiert.
            </action>
        </release>
        <release version="2.3.1" date="2020-03-17" description="Bugfix-Release für OOP im 20FS.">
            <action dev="zbgisler" type="add">
                Dependencies und Plugins aktualisiert.
            </action>
        </release>
        <release version="2.3.0" date="2020-01-26" description="Release für OOP/AD/PLAB im 20FS.">
            <action dev="zbgisler" type="add">
                Dependencies und Plugins aktualisiert.
            </action>
        </release>
        <release version="2.2.0" date="2019-09-08" description="Release für OOP/PLAB im 19HS.">
            <action dev="zbgisler" type="add">
                Dependencies und Plugins aktualisiert.
            </action>
            <action dev="zbgisler" type="add">
                Site Skin update.
            </action>
            <action dev="zbgisler" type="fix">
                Checkstyle Config korrigiert.
            </action>
        </release>
        <release version="2.1.1" date="2019-02-08" description="Bugfix Release für OOP/PLAB im 19FS.">
            <action dev="zbgisler" type="add">
                Dependencies und Plugins aktualisiert.
            </action>
        </release>
        <release version="2.1.0" date="2019-01-14" description="Release für OOP/PLAB im 19FS.">
            <action dev="zbgisler" type="add">
                Migration auf Java 11.
            </action>
            <action dev="zbgisler" type="add">
                Dependencies und Plugins aktualisiert.
            </action>
            <action dev="zbgisler" type="add">
                JIB-Plugin ergänzt.
            </action>
            <action dev="zbgisler" type="add">
                AsciiDoc-Plugin ergänzt.
            </action>
        </release>
        <release version="2.0.0" date="2018-09-15" description="Release für OOP/PLAB im 18HS.">
            <action dev="zbgisler" type="add">
                Dependencies und Plugins aktualisiert.
            </action>
            <action dev="zbgisler" type="add">
                Migration auf SpotBugs (Ersatz für Findbugs).
            </action>
            <action dev="zbgisler" type="add">
                Migration auf JUnit 5 (Jupiter) und JUnit Pioneer.
            </action>
            <action dev="zbgisler" type="add">
                Migration auf Java 10.
            </action>
            <action dev="zbgisler" type="remove">
                MutabilityDetector entfernt (nicht Java 10 kompatibel).
            </action>
        </release>
        <release version="1.5.0" date="2018-02-07" description="Release für OOP und AD 18FS.">
            <action dev="zbgisler" type="add">
                Dependencies und Plugins aktualisiert.
            </action>
            <action dev="zbgisler" type="add">
                Checkstyle und PMD migriert (Konfig von PMD verändert).
            </action>
            <action dev="zbgisler" type="add">
                Neue Version 1.7 von Fluido-Skin.
            </action>
        </release>
        <release version="1.4.1" date="2017-10-10" description="Bugfix-Release für OOP 17HS.">
            <action dev="zbgisler" type="fix">
                Dependencies und Plugins aktualisiert.
            </action>
            <action dev="zbgisler" type="fix">
                Xlint-Optionen verbessert (Annotation-Warnings unterdrücken).
            </action>
        </release>
        <release version="1.4.0" date="2017-09-10" description="Release für OOP und AD 17HS.">
            <action dev="zbgisler" type="add">
                Dependencies aktualisiert und erweitert.
            </action>
        </release>
        <release version="1.3.0" date="2017-01-27" description="Release für OOP und AD 17FS.">
            <action dev="zbgisler" type="add">
                Dependencies aktualisiert und erweitert.
            </action>
        </release>
        <release version="1.2.0" date="2016-11-23" description="Release für interne Schulung.">
            <action dev="zbgisler" type="fix">
                Dependencies aktualisiert und erweitert für interne Schulung.
            </action>
        </release>
        <release version="1.1.0" date="2016-10-12" description="Release für OOP 16HS.">
            <action dev="zbgisler" type="add">
                Dependencies aktualisiert und erweitert.
            </action>
        </release>
        <release version="1.0.0" date="2016-10-06" description="Initialer Release.">
            <action dev="zbgisler" type="add">
                Erster Release.
            </action>
        </release>
    </body>
</document>
