{
  "name": "HSLU Java Maven",
  "image": "rgisler/maven:3.9.9-temurin-21",
  "customizations": {
    "vscode": {
      "extensions": [
        "vscjava.vscode-java-pack",
        "vscjava.vscode-maven"
      ],
      "settings": {
        "java.configuration.runtimes": [
          {
            "name": "JavaSE-21",
            "path": "/opt/java/openjdk"
          }
        ],
        "java.jdt.ls.java.home": "/opt/java/openjdk",
        "maven.executable.path": "/usr/share/maven/bin/mvn"
      }
    }
  }
}